foreign,duration_bin,outcome,n,events,probability,ci_low,ci_high,se,weight_sum
0,0-4,employed,9119,2727,0.2990459480206163,0.2895820695317857,0.30850982650944686,0.004828509433076817,9119
0,0-4,unemployed,9119,4812,0.5276894396315386,0.5173633957787724,0.5380154834843047,0.005268389720799038,9119
0,0-4,below_ba,9119,1184,0.12983879811382826,0.1228862951834999,0.1367913010441566,0.003547195372616507,9119
0,0-4,ba_plus,9119,1286,0.1410242351134993,0.133847732069246,0.1482007381577526,0.0036614811450271898,9119
0,0-4,nilf,9119,1580,0.17326461234784515,0.16544442111214652,0.18108480358354379,0.003989893487601342,9119
0,0-4,employment_unresolved,9119,257,0.028182914793288737,0.024774984852451554,0.03159084473412592,0.001738739765733256,9119
0,0-4,conditional_below,2470,1184,0.47935222672064776,0.45953961407555644,0.4991648393657391,0.010108475839332316,2470
0,5-12,employed,9217,2156,0.23391559075621135,0.2251780762902884,0.2426531052221343,0.004457915543838237,9217
0,5-12,unemployed,9217,5629,0.610719322990127,0.6005284341307421,0.6209102118495119,0.005199433091522896,9217
0,5-12,below_ba,9217,928,0.10068351958337854,0.09452381250681893,0.10684322665993815,0.003142707692122251,9217
0,5-12,ba_plus,9217,1035,0.11229250298361723,0.10579364871116685,0.11879135725606761,0.003315741975739987,9217
0,5-12,nilf,9217,1432,0.15536508625366172,0.14784476663312643,0.162885405874197,0.003836897765579224,9217
0,5-12,employment_unresolved,9217,193,0.02093956818921558,0.018015250693161473,0.023863885685269686,0.0014919987224765857,9217
0,5-12,conditional_below,1963,928,0.47274579724910853,0.45061571427475156,0.4948758802234655,0.011290858660386203,1963
0,13-26,employed,8330,1601,0.1921968787515006,0.18363282783565416,0.20076092966734704,0.00436941373257471,8330
0,13-26,unemployed,8330,5517,0.6623049219687875,0.6517695081061216,0.6728403358314535,0.005375211154421431,8330
0,13-26,below_ba,8330,680,0.08163265306122448,0.07569798005445755,0.08756732606799142,0.003027894391207619,8330
0,13-26,ba_plus,8330,767,0.09207683073229292,0.08582876232421013,0.0983248991403757,0.00318779000412387,8330
0,13-26,nilf,8330,1212,0.1454981992797119,0.13775627143975913,0.15324012711966464,0.003949963183649359,8330
0,13-26,employment_unresolved,8330,154,0.018487394957983194,0.015579867961579884,0.0213949219543865,0.0014834321410220964,8330
0,13-26,conditional_below,1447,680,0.469937802349689,0.4441095285158302,0.49576607618354784,0.013177690731560613,1447
0,27-51,employed,5321,849,0.15955647434692727,0.14960618287303318,0.16950676582082136,0.0050766793234153585,5321
0,27-51,unemployed,5321,3660,0.6878406314602519,0.6749648339812305,0.7007164289392732,0.006569284428072094,5321
0,27-51,below_ba,5321,360,0.06765645555346739,0.060829183955681966,0.0744837271512528,0.0034833018356048057,5321
0,27-51,ba_plus,5321,406,0.07630144709641044,0.06915481565258196,0.08344807854023893,0.0036462405325655544,5321
0,27-51,nilf,5321,812,0.1526028941928209,0.14274874916401564,0.16245703922162613,0.005027625014696554,5321
0,27-51,employment_unresolved,5321,83,0.015598571697049427,0.012271859919859277,0.01892528347423958,0.0016973019271378318,5321
0,27-51,conditional_below,766,360,0.4699738903394256,0.4345478463132143,0.5053999343656369,0.018074512258271086,766
0,52+,employed,9429,1125,0.11931275851097678,0.11248691116447185,0.1261386058574817,0.0034825751767882337,9429
0,52+,unemployed,9429,6333,0.6716512885777919,0.6611009632098654,0.6822016139457183,0.005382819065268571,9429
0,52+,below_ba,9429,567,0.060133630289532294,0.05521577281634177,0.06505148776272282,0.002509110955709454,9429
0,52+,ba_plus,9429,431,0.04571004348287199,0.041381795391360346,0.050038291574383637,0.002208289842607982,9429
0,52+,nilf,9429,1971,0.2090359529112313,0.20019253522527664,0.21787937059718598,0.0045119477989564605,9429
0,52+,employment_unresolved,9429,127,0.013469084738572489,0.011119455792243053,0.015818713684901925,0.0011987902787395077,9429
0,52+,conditional_below,998,567,0.5681362725450901,0.5369953679496139,0.5992771771405664,0.015888216630345012,998
1,0-4,employed,2165,622,0.28729792147806005,0.2681019055864401,0.30649393736968,0.009793885658989776,2165
1,0-4,unemployed,2165,1053,0.4863741339491917,0.4652036807073816,0.5075445871910018,0.01080125165398476,2165
1,0-4,below_ba,2165,327,0.1510392609699769,0.13586276673433856,0.16621575520561527,0.007743109303897127,2165
1,0-4,ba_plus,2165,243,0.11224018475750577,0.09890660141980998,0.12557376809520157,0.006802848641681531,2165
1,0-4,nilf,2165,490,0.22632794457274827,0.20864613218615158,0.24400975695934496,0.009021332850304436,2165
1,0-4,employment_unresolved,2165,52,0.02401847575057737,0.01756974860666339,0.030467202894491348,0.0032901669101601926,2165
1,0-4,conditional_below,570,327,0.5736842105263158,0.5329365289241145,0.6144318921285171,0.020789633470510858,570
1,5-12,employed,2365,486,0.20549682875264272,0.18919214234124673,0.2218015151640387,0.00831871755683468,2365
1,5-12,unemployed,2365,1400,0.5919661733615222,0.5717285898053486,0.6122037569176959,0.010325297732741672,2365
1,5-12,below_ba,2365,240,0.1014799154334038,0.08927326895286576,0.11368656191394184,0.00622788085741737,2365
1,5-12,ba_plus,2365,213,0.09006342494714588,0.07856620767381717,0.10156064222047459,0.005865927180269747,2365
1,5-12,nilf,2365,479,0.2025369978858351,0.1860279547954252,0.219046040976245,0.008422981168576477,2365
1,5-12,employment_unresolved,2365,33,0.013953488372093023,0.009216621063162359,0.018690355681023688,0.002416769035168706,2365
1,5-12,conditional_below,453,240,0.5298013245033113,0.4837879510560229,0.5758146979505997,0.023476210942494073,453
1,13-26,employed,2084,333,0.15978886756238003,0.1438371701859625,0.17574056493879756,0.008138621110417098,2084
1,13-26,unemployed,2084,1372,0.6583493282149712,0.6371526303612793,0.679546026068663,0.010814641762087664,2084
1,13-26,below_ba,2084,148,0.0710172744721689,0.05989688764052844,0.08213766130380937,0.005673666750836972,2084
1,13-26,ba_plus,2084,157,0.07533589251439539,0.06383055772887,0.08684122729992078,0.005870068768125196,2084
1,13-26,nilf,2084,379,0.18186180422264875,0.16474198451632296,0.19898162392897453,0.008734601890982541,2084
1,13-26,employment_unresolved,2084,28,0.013435700575815739,0.008488107021508262,0.018383294130123216,0.00252428242566708,2084
1,13-26,conditional_below,305,148,0.4852459016393443,0.4285224958738098,0.5419693074048788,0.02894051314568086,305
1,27-51,employed,1395,186,0.13333333333333333,0.11520528802807087,0.1514613786385958,0.009249002706766563,1395
1,27-51,unemployed,1395,950,0.6810035842293907,0.654957164704815,0.7070500037539663,0.013288989553354922,1395
1,27-51,below_ba,1395,95,0.06810035842293907,0.05475707453950226,0.08144364230637588,0.00680779789971266,1395
1,27-51,ba_plus,1395,72,0.05161290322580645,0.03993548161660185,0.06329032483501106,0.0059578681679615325,1395
1,27-51,nilf,1395,259,0.18566308243727597,0.1643155417565005,0.20701062311805143,0.010891602388150748,1395
1,27-51,employment_unresolved,1395,19,0.013620071684587814,0.00753113266469904,0.019709010704476587,0.0031066015407595787,1395
1,27-51,conditional_below,167,95,0.5688622754491018,0.4935243586712052,0.6442001922269984,0.03843771264178399,167
1,52+,employed,2781,312,0.1121898597626753,0.1000633934590051,0.1243163260663455,0.00618697260391337,2781
1,52+,unemployed,2781,1815,0.6526429341963322,0.6330560978842259,0.6722297705084386,0.00999328383270732,2781
1,52+,below_ba,2781,153,0.05501618122977346,0.04639452171519467,0.06363784074435225,0.004398805874785099,2781
1,52+,ba_plus,2781,121,0.04350952894642215,0.03586882882518365,0.051150229067660646,0.0038983163883869873,2781
1,52+,nilf,2781,654,0.23516720604099245,0.21833351952198876,0.25200089255999614,0.008588615570920246,2781
1,52+,employment_unresolved,2781,38,0.013664149586479683,0.009218121260009237,0.01811017791295013,0.0022683817992196153,2781
1,52+,conditional_below,274,153,0.5583941605839416,0.49953193560889886,0.6172563855589844,0.030031747436246318,274
