foreign,duration_bin,baseline_n,eligible_n,linked_n,link_rate_eligible,eligible_mean_age,linked_mean_age,eligible_female_share,linked_female_share
0,0-4,12948,9962,9119,0.9123568828441623,40.96280861517093,41.25366685501496,0.5378298701944275,0.5361843394119531
0,5-12,13193,10011,9217,0.9231854102980832,41.17882933965504,41.34363874289479,0.5077056395036099,0.5090444761130302
0,13-26,12233,9008,8330,0.9203619500934627,42.43436290359408,42.67353281218447,0.4828036952900733,0.48315669052219
0,27-51,7762,5712,5321,0.9268516734327479,43.40130577878567,43.66561998587943,0.4898203670385713,0.4884727231630123
0,52+,13293,10065,9429,0.934374228113058,45.28841735407987,45.39438960682584,0.46545687367620053,0.4626586500813632
1,0-4,3039,2375,2165,0.9088965935613452,40.84920781270972,41.0414264240818,0.5318408311745881,0.5382847553232591
1,5-12,3370,2601,2365,0.9068371764414079,41.22940298500263,41.40903023416812,0.5426745505200331,0.5432160028969968
1,13-26,3208,2296,2084,0.9076416705314334,42.24958979432668,42.5320357844088,0.5322505959564601,0.5305199998253107
1,27-51,2025,1499,1395,0.9270652776628229,43.20100311466443,43.4362037774807,0.5168149629851871,0.5229560494303053
1,52+,3996,3015,2781,0.9169962883833742,46.15200165968246,46.26018486789124,0.5216642694593655,0.5181981045115595
